word,meaning,source,example,frequency
abandon,放弃;遗弃,cet4,They had to abandon the sinking ship.,high
ability,能力;才能,cet4,She has the ability to learn languages quickly.,high
absorb,吸收;吸引,cet4,Plants absorb carbon dioxide from the air.,high
access,通道;接近;使用权限,cet4,Students have access to the library 24 hours a day.,high
achieve,实现;达到,cet4,You need to work hard to achieve your goals.,high
acquire,获得;学到,cet4,It took years to acquire the necessary skills.,high
adapt,适应;改编,cet4,Animals must adapt to their environment to survive.,high
adjust,调整;适应,cet4,It takes time to adjust to a new culture.,medium
admire,钦佩;欣赏,cet4,I admire your dedication to learning.,medium
adopt,采纳;收养,cet4,The committee adopted the new regulations.,high
advance,前进;进步;预付,cet4,Technology has advanced rapidly in recent years.,high
advantage,优势;有利条件,cet4,Being bilingual gives you a big advantage.,high
affect,影响;感动,cet4,The weather affects my mood significantly.,high
afford,负担得起;提供,cet4,I cannot afford to buy a new car right now.,high
alternative,替代的;可供选择的,cet4,We need to find alternative sources of energy.,high
amount,数量;总额,cet4,A large amount of money was spent on the project.,high
analyze,分析;解析,cet4,The data was analyzed carefully before making a decision.,high
annual,每年的;年度的,cet4,The company publishes an annual report.,medium
anxiety,焦虑;担心,cet4,Waiting for the results caused a lot of anxiety.,medium
apparent,明显的;表面的,cet4,It became apparent that he was lying.,medium
appeal,呼吁;吸引;上诉,cet4,The idea of traveling abroad appeals to me.,medium
apply,申请;应用;适用,cet4,You should apply for the scholarship before the deadline.,high
appreciate,欣赏;感激;领会,cet4,I really appreciate your help with this project.,high
approach,接近;方法;途径,cet4,We need a new approach to solve this problem.,high
approve,批准;赞成,cet4,The board approved the new budget.,medium
arise,出现;产生;起身,cet4,Problems may arise if we do not plan ahead.,high
arrange,安排;整理,cet4,Can you arrange a meeting for next week?,medium
artificial,人工的;人造的;虚假的,cet4,Artificial intelligence is transforming many industries.,medium
assume,假设;承担;呈现,cet4,I assume you have already read the instructions.,high
attempt,尝试;企图,cet4,She made an attempt to solve the puzzle.,high
attend,参加;出席;上(学),cet4,All employees must attend the safety training.,high
attitude,态度;看法,cet4,Your attitude determines your success.,high
attract,吸引;引起,cet4,The museum attracts millions of visitors each year.,high
authority,权威;当局;权力,cet4,The local authorities are responsible for road maintenance.,medium
available,可用的;有效的;有空的,cet4,Is this seat available?,high
avoid,避免;回避,cet4,You should avoid eating too much sugar.,high
aware,意识到;知道的,cet4,Are you aware of the risks involved?,high
barrier,障碍;屏障,cet4,Language can be a barrier to communication.,medium
benefit,利益;好处;受益,cet4,Regular exercise has many health benefits.,high
brief,简短的;简洁的;摘要,cet4,Please give me a brief summary of the report.,high
budget,预算;预算的,cet4,We need to plan our budget carefully this year.,medium
campaign,运动;战役;竞选活动,cet4,The company launched a new advertising campaign.,medium
capable,有能力的;能干的,cet4,She is capable of solving complex problems.,high
capacity,容量;能力;资格,cet4,The stadium has a seating capacity of 50000.,medium
career,职业;生涯,cet4,She had a successful career in journalism.,high
celebrate,庆祝;颂扬,cet4,How do you plan to celebrate your birthday?,high
challenge,挑战;质疑,cet4,Learning a new language is a big challenge.,high
character,性格;特征;人物;字符,cet4,He is a man of strong character.,high
claim,声称;要求;索赔,cet4,She claims to have seen the accident happen.,high
climate,气候;风气;氛围,cet4,The Mediterranean climate is mild and pleasant.,medium
collapse,倒塌;崩溃;瓦解,cet4,The building collapsed after the earthquake.,medium
comment,评论;意见;注释,cet4,Do you have any comments on the proposal?,high
commit,犯(罪);承诺;致力于,cet4,She is committed to improving the environment.,high
communicate,交流;传播;沟通,cet4,It is important to communicate clearly with your team.,high
community,社区;团体;共同体,cet4,The local community supported the charity event.,high
compare,比较;对比;比喻,cet4,If you compare the two products this one is better.,high
compete,竞争;比赛;对抗,cet4,Companies must compete to attract customers.,medium
complex,复杂的;综合的;综合体,cet4,The brain is an incredibly complex organ.,high
component,成分;组件;部件,cet4,Each component of the system must work correctly.,medium
concentrate,集中;专注;浓缩,cet4,I need to concentrate on my studies.,high
concept,概念;观念,cet4,The concept of time varies across cultures.,high
concern,关心;担忧;涉及;企业,cet4,Environmental issues are a major concern for everyone.,high
conclude,总结;推断;结束,cet4,The report concludes that further research is needed.,high
conduct,行为;实施;引导;指挥,cet4,The experiment was conducted under strict conditions.,high
confidence,信心;信任;自信,cet4,She spoke with great confidence during the interview.,high
confirm,确认;证实;批准,cet4,Can you confirm your reservation by email?,medium
conflict,冲突;矛盾;斗争,cet4,The two countries have been in conflict for decades.,high
connect,连接;联系;接通,cet4,The bridge connects the two sides of the river.,high
conscious,有意识的;自觉的;清醒的,cet4,She was conscious of the danger but proceeded anyway.,medium
consequence,结果;后果;重要性,cet4,Global warming is a consequence of human activity.,high
consider,考虑;认为;体贴,cet4,You should consider all the options before deciding.,high
consistent,一致的;始终如一的,cet4,His actions are not consistent with his words.,medium
constant,不变的;恒定的;持续的,cet4,The machine runs at a constant speed.,high
construct,建造;构建;创立,cet4,The bridge was constructed in 1998.,medium
contact,联系;接触;交往,cet4,Please contact us if you have any questions.,high
contain,包含;容纳;控制,cet4,The box contains several old photographs.,high
contribute,贡献;捐献;促成,cet4,Everyone should contribute to protecting the environment.,high
convenient,方便的;便利的,cet4,The location is convenient for public transportation.,high
convince,说服;使确信,cet4,I am not convinced that the plan will work.,high
cooperate,合作;协作;配合,cet4,The two companies agreed to cooperate on the project.,medium
credit,信用;学分;赞扬;信贷,cet4,She deserves credit for her hard work.,high
critical,批评的;关键的;危急的,cet4,It is critical that we finish the project on time.,high
current,当前的;流动的;电流;趋势,cet4,The current situation requires immediate action.,high
debate,辩论;争论;讨论,cet4,There is an ongoing debate about climate change.,medium
decade,十年;十年期,cet4,Over the past decade technology has changed dramatically.,high
decline,下降;拒绝;衰落,cet4,The population of the village has declined sharply.,high
defend,防御;保卫;辩护,cet4,Soldiers defend the country from attack.,high
define,定义;界定;明确,cet4,How would you define success?,high
delay,延迟;推迟;拖延,cet4,The flight was delayed due to bad weather.,high
deliver,递送;交付;发表;接生,cet4,The postman delivers mail every morning.,high
demand,需求;要求;需要,cet4,There is a high demand for skilled workers.,high
demonstrate,展示;证明;示范;游行,cet4,The experiment demonstrates the theory of gravity.,high
depend,依赖;依靠;取决于,cet4,The success of the project depends on teamwork.,high
deserve,应得;值得,cet4,You deserve a break after all that hard work.,high
despite,尽管;不管;不顾,cet4,Despite the rain we enjoyed the picnic.,high
destroy,破坏;摧毁;消灭,cet4,The earthquake destroyed many buildings.,high
determine,决定;确定;测定,cet4,The exam results will determine your future.,high
develop,发展;开发;培养;产生,cet4,The company develops new software products.,high
distinguish,区分;辨别;使杰出,cet4,It is hard to distinguish between the two twins.,high
diverse,不同的;多样的;形形色色的,cet4,The city has a diverse population.,high
document,文件;文档;记录;记载,cet4,Please read the document carefully before signing.,high
dramatic,戏剧性的;巨大的;突然的,cet4,There has been a dramatic increase in sales.,high
economy,经济;节约;理财,cet4,The country economy is growing rapidly.,high
educate,教育;培养;训练,cet4,The program aims to educate the public about health risks.,high
efficient,高效的;有效的;有能力的,cet4,The new system is more efficient than the old one.,high
eliminate,消除;淘汰;排除,cet4,Regular exercise helps eliminate stress.,high
emerge,出现;浮现;显露,cet4,New evidence has emerged in the case.,high
emotion,情感;情绪;感情,cet4,The movie evokes strong emotions in the audience.,high
emphasis,强调;重点;重要性,cet4,The school places great emphasis on academic achievement.,high
employ,雇用;使用;利用,cet4,The company employs over 5000 people.,high
enable,使能够;使可能;启用,cet4,This scholarship enabled me to attend university.,high
encourage,鼓励;激励;促进,cet4,Parents should encourage their children to read.,high
engage,参与;从事;吸引;订婚,cet4,The speaker engaged the audience with his stories.,high
enhance,增强;提高;美化,cet4,Regular exercise enhances your overall health.,high
ensure,确保;保证;担保,cet4,Please ensure that all doors are locked before leaving.,high
enterprise,企业;事业;进取心,cet4,Small and medium enterprises are the backbone of the economy.,medium
enthusiasm,热情;热心;热忱,cet4,Her enthusiasm for teaching is contagious.,medium
environment,环境;周围;生态环境,cet4,We must protect the environment for future generations.,high
essential,基本的;必要的;本质的,cet4,Water is essential for life.,high
establish,建立;设立;确立;安置,cet4,The company was established in 1990.,high
evaluate,评估;评价;估值,cet4,The teacher will evaluate your performance.,medium
evidence,证据;迹象;证明,cet4,There is strong evidence that smoking causes cancer.,high
evolve,进化;演变;发展,cet4,Species evolve over millions of years.,medium
examine,检查;考试;审视,cet4,The doctor examined the patient thoroughly.,high
exchange,交换;兑换;交流;交易所,cet4,We exchanged contact information.,high
exclude,排除;排斥;拒绝,cet4,The cost of food is excluded from the ticket price.,medium
expand,扩大;扩展;膨胀;展开,cet4,The company plans to expand its operations overseas.,high
expect,期望;预期;期待,cet4,We expect the results to arrive next week.,high
expert,专家;行家;熟练的,cet4,She is an expert in ancient history.,high
explore,探索;探险;考察;探究,cet4,The team explored the cave system.,high
expose,暴露;揭露;使接触;曝光,cet4,The documentary exposed the truth about the scandal.,high
extend,延伸;扩展;给予;延长,cet4,The meeting was extended by another hour.,high
extreme,极端的;极度的;极限,cet4,Extreme weather events are becoming more common.,high
factor,因素;要素;因子;系数,cet4,Several factors contributed to the decision.,high
feature,特征;特点;容貌;以...为特色,cet4,The new phone has many advanced features.,high
finance,金融;财政;资金;融资,cet4,The project needs additional finance.,high
flexible,灵活的;柔韧的;可变通的,cet4,We need a flexible approach to solve this problem.,high
frequent,频繁的;经常的;常见的,cet4,There are frequent flights between the two cities.,high
fulfill,实现;履行;满足;完成,cet4,She fulfilled her dream of becoming a doctor.,high
function,功能;作用;函数;运行,cet4,The heart function is to pump blood.,high
fundamental,基本的;根本的;重要的;基本原理,cet4,Economic growth is fundamental to the country development.,high
generate,产生;生成;引起;发电,cet4,The wind turbines generate electricity.,high
global,全球的;全面的;球形的,cet4,Global warming is a serious issue.,high
grant,授予;允许;承认;补助金,cet4,The government granted funding for the research.,high
highlight,强调;突出;亮点;强调部分,cet4,The report highlights the need for reform.,high
identify,识别;认出;确定;确认;认同,cet4,Can you identify the man in this photo?,high
ignore,忽视;不理会;忽略,cet4,Do not ignore the warning signs.,high
illustrate,说明;阐明;举例说明;插图,cet4,The diagram illustrates how the system works.,medium
immediate,立即的;直接的;紧迫的;当前的,cet4,The patient needs immediate medical attention.,high
impact,影响;冲击;撞击;作用,cet4,The new policy had a significant impact on the economy.,high
implement,实施;执行;工具;器具,cet4,The new regulations will be implemented next month.,medium
imply,暗示;意味着;隐含;表明,cet4,What are you implying by that remark?,medium
indicate,表明;指示;暗示;指出,cet4,The results indicate that the treatment is effective.,high
individual,个人的;个别的;个人;个体,cet4,Each individual has unique talents.,high
influence,影响;势力;感化;有影响的人,cet4,Her speech had a profound influence on the audience.,high
inform,通知;告知;告发;赋特征,cet4,Please inform us of any changes in your schedule.,high
initial,最初的;开始的;首字母;初始的,cet4,Our initial plan was to travel by train.,high
innovation,创新;革新;新方法,cet4,Technological innovation drives economic growth.,medium
inspire,激励;鼓舞;启发;赋予灵感,cet4,The teacher inspired her students to pursue their dreams.,high
intelligent,聪明的;明智的;有智慧的;智能的,cet4,She is an intelligent student who always asks good questions.,high
intense,强烈的;激烈的;紧张的;热情的,cet4,The intense heat made it difficult to work.,high
invest,投资;投入(时间/精力);授予,cet4,You should invest your money wisely.,high
investigate,调查;研究;审查;侦察,cet4,The police are investigating the cause of the accident.,high
involve,涉及;包含;使卷入;参与,cet4,The project involves a lot of teamwork.,high
issue,问题;议题;发行;发布;分发,cet4,Environmental issues are a global concern.,high
knowledge,知识;了解;学问;掌握,cet4,Knowledge is power.,high
labor,劳动;工作;劳动力;分娩,cet4,The construction requires a lot of physical labor.,high
launch,发射;发起;推出;启动;上市,cet4,The company will launch a new product next month.,high
legal,法律的;合法的;法定的;法律上的,cet4,You should seek legal advice before signing the contract.,high
limit,限制;限度;界限;极限,cet4,There is a limit to what we can achieve in one day.,high
maintain,维持;保持;保养;坚持;维护,cet4,It is important to maintain good health through exercise.,high
massive,大量的;巨大的;大规模的;大块的,cet4,The earthquake caused massive damage to the city.,high
maximum,最大的;最高的;最大值;极限,cet4,The maximum speed on this road is 80 kilometers per hour.,high
mental,精神的;心理的;智力的;思想的,cet4,Regular exercise is good for both physical and mental health.,high
minimum,最小的;最低的;最小值;最低限度,cet4,You need a minimum of five years of experience.,high
motivate,激发;促使;诱导;刺激,cet4,A good teacher motivates students to learn.,high
multiple,多个的;多种的;倍数;多样的,cet4,The company offers multiple payment options.,high
negative,否定的;消极的;负面的;负的;阴性的,cet4,The feedback was mostly negative.,high
numerous,众多的;大量的;无数的,cet4,Numerous studies have shown the benefits of exercise.,high
obtain,获得;得到;获取;达到,cet4,You need to obtain a visa before traveling.,high
obvious,明显的;显然的;显而易见的,cet4,It was obvious that he was lying.,high
opportunity,机会;机遇;时机;良机,cet4,Do not miss this opportunity to study abroad.,high
organize,组织;安排;整理;筹办,cet4,The students organized a charity event.,high
original,原始的;最初的;独创的;原版的;原件,cet4,The original manuscript was lost centuries ago.,high
outcome,结果;结局;后果;成果,cet4,The outcome of the election was a surprise.,high
overcome,克服;战胜;征服;解决;压倒,cet4,She overcame her fear of public speaking.,high
participate,参加;参与;加入;分享,cet4,Everyone is encouraged to participate in the discussion.,high
particular,特别的;特定的;详细的;挑剔的;详细说明,cet4,Is there any particular reason for your decision?,high
perform,表演;执行;表现;履行;运行,cet4,The team performed well in the competition.,high
permit,允许;许可;准许;许可证;执照,cet4,Smoking is not permitted in this building.,high
physical,身体的;物理的;物质的;实际的;体检,cet4,Regular physical activity is good for your health.,high
policy,政策;方针;策略;保险单,cet4,The government introduced a new education policy.,high
population,人口;种群;人口数量;居民,cet4,The population of the city has grown rapidly.,high
possess,拥有;具有;支配;占据;控制,cet4,She possesses a great talent for painting.,high
potential,潜在的;可能的;潜力;可能性;电势,cet4,The new technology has great potential.,high
practical,实际的;实用的;实践的;可行的;注重实效的,cet4,The course provides practical skills for the workplace.,high
predict,预测;预言;预报;预计;预告,cet4,It is difficult to predict what will happen in the future.,high
prefer,更喜欢;偏好;宁愿;提出;提升,cet4,I prefer coffee to tea in the morning.,high
pressure,压力;压强;压迫;迫使;施压,cet4,She works well under pressure.,high
principle,原则;原理;准则;主义;信条,cet4,Honesty is an important principle to live by.,high
priority,优先;优先权;重点;首要事情;优先级,cet4,Education should be given top priority.,high
procedure,程序;手续;步骤;流程;规程,cet4,What is the procedure for applying for a visa?,medium
process,过程;程序;加工;处理;流程;方法,cet4,The manufacturing process has been improved.,high
profit,利润;利益;盈利;收益;得益,cet4,The company made a large profit this year.,high
progress,进步;进展;前进;发展;进程,cet4,She has made good progress in her studies.,high
project,项目;计划;工程;投影;投射;突出,cet4,The new construction project will create many jobs.,high
promote,促进;提升;推广;晋升;促销,cet4,The campaign promotes healthy eating habits.,high
proof,证据;证明;检验;证实;校样;防...的,cet4,There is no proof that he committed the crime.,high
property,财产;房产;属性;性质;所有权,cet4,The hotel is private property.,high
propose,提议;建议;打算;求婚;推荐,cet4,I propose that we hold the meeting next week.,medium
prospect,前景;展望;可能性;潜在客户;勘探,cet4,The job prospects in this field are excellent.,medium
publish,出版;发表;发行;公布;发布,cet4,The journal is published monthly.,high
purchase,购买;采购;购置;购买行为;紧握,cet4,She made a large purchase online.,high
pursue,追求;追赶;继续;从事;追捕,cet4,She decided to pursue a career in medicine.,high
quality,质量;品质;优质;性质;特点;素质,cet4,The quality of the product is excellent.,high
range,范围;幅度;山脉;等级;排列;分类,cet4,The hotel offers a wide range of services.,high
rapid,快速的;迅速的;快的;湍急的;急促的,cet4,The patient made a rapid recovery.,high
rate,比率;速度;等级;费用;评价;估价,cet4,The exchange rate fluctuates daily.,high
recognize,认出;识别;承认;认可;认识;意识到,cet4,I recognized her from her photo.,high
recommend,推荐;建议;介绍;举荐;劝告,cet4,I recommend that you see a doctor.,high
recover,恢复;康复;收回;找回;弥补;重新获得,cet4,It took her months to recover from the illness.,high
reduce,减少;降低;缩小;简化;减肥;还原,cet4,We need to reduce our expenses.,high
refer,参考;提及;引用;提交;咨询;涉及,cet4,Please refer to the manual for instructions.,high
reflect,反映;反射;体现;思考;显示;表达,cet4,The results reflect the hard work of the team.,high
refuse,拒绝;回绝;垃圾;废物;不愿,cet4,She refused to answer the question.,high
regard,认为;看待;尊敬;问候;方面;考虑,cet4,I regard him as one of the best teachers.,high
region,地区;区域;范围;领域;地带;行政区,cet4,The region is known for its wine production.,high
register,登记;注册;记录;挂号;注册器;登记簿,cet4,You need to register for the course online.,high
reject,拒绝;否决;排斥;拒绝接受;驳回;不合格品,cet4,The board rejected the proposal.,high
relate,涉及;有关;叙述;关联;理解;产生共鸣,cet4,The witness related what she saw that night.,high
release,释放;发布;发行;解除;放开;排放,cet4,The prisoner was released on bail.,high
relevant,相关的;有关的;贴切的;切题的;有意义的,cet4,Is this information relevant to the case?,high
rely,依赖;依靠;信赖;信任;指望,cet4,You can rely on me to help you.,high
remain,保持;留下;剩余;仍然;继续;遗留,cet4,Please remain seated until the plane lands.,high
remove,移除;除去;消除;脱掉;免职;搬迁,cet4,Please remove your shoes before entering.,high
replace,替换;取代;放回;归还;代替;接替,cet4,The old system has been replaced by a new one.,high
represent,代表;表示;表现;描绘;象征;意味着,cet4,The graph represents the sales data.,high
request,请求;要求;申请;恳求;邀请,cet4,Your request has been approved.,high
require,需要;要求;命令;规定;需要;需求,cet4,This job requires a lot of patience.,high
reserve,保留;预订;储备;保护区;矜持;保存,cet4,I would like to reserve a table for two.,high
resist,抵抗;抵制;反抗;抗拒;忍住;阻挡,cet4,She could not resist the temptation to buy the dress.,high
resource,资源;财力;智谋;策略;资料;来源,cet4,The country is rich in natural resources.,high
respond,回答;反应;响应;回应;应答;回复,cet4,The company responded quickly to customer complaints.,high
responsible,负责的;有责任的;可靠的;责任重大的;作为原因的,cet4,Who is responsible for this mistake?,high
reveal,揭示;透露;显示;泄露;展现;揭露,cet4,The investigation revealed the truth.,high
revenue,收入;税收;收益;财政收入;税务;营收,cet4,The company revenue increased by 20 percent.,high
satisfy,满足;使满意;符合;达到;满足要求;使信服,cet4,The product satisfies the needs of most customers.,high
scale,规模;刻度;比例;等级;范围;天平;鳞片;按比例缩放,cet4,The company operates on a global scale.,high
schedule,日程;时间表;计划;排程;安排;时刻表,cet4,The flight is on schedule.,high
secure,安全的;牢固的;稳固的;获得;保护;使安全;担保,cet4,Make sure the doors are secure before leaving.,high
seek,寻找;寻求;追求;探索;征求;试图,cet4,You should seek professional advice.,high
select,选择;挑选;选拔;精选的;优等的;筛选,cet4,Please select the correct answer from the list.,high
solution,解决方案;溶液;解答;溶解;答案;解决办法,cet4,We need to find a solution to the problem.,high
source,来源;源头;出处;根源;消息来源;起源,cet4,The river has its source in the mountains.,high
specific,具体的;特定的;明确的;详细的;特有的;专门的,cet4,Can you be more specific about what you want?,high
spread,传播;散布;扩散;展开;涂抹;伸展;蔓延,cet4,The news spread quickly through the village.,high
stable,稳定的;稳固的;牢固的;坚定的;可靠的;马厩;稳定的,cet4,The patient condition is stable.,high
standard,标准;水准;规范;标准规格;普通的;标准的;正常的,cet4,The product meets international quality standards.,high
status,地位;身份;状态;状况;情形;重要身份,cet4,What is your marital status?,high
steady,稳定的;稳固的;持续的;坚定的;稳健的;使稳定,cet4,She has a steady job.,high
strategy,策略;战略;规划;计谋;行动计划;策略性,cet4,The company needs a new marketing strategy.,high
strength,力量;力气;优点;强度;实力;长处;浓度,cet4,Regular exercise increases physical strength.,high
stress,压力;强调;紧张;重音;应力;重要性;加压力于,cet4,Work-related stress can affect your health.,high
structure,结构;构造;体系;建筑物;组织;构成;安排,cet4,The building has a unique structure.,high
struggle,奋斗;斗争;努力;挣扎;抗争;搏斗;艰难地行进,cet4,Many families struggle to make ends meet.,high
submit,提交;服从;屈从;呈递;递交;提出;使屈服,cet4,Please submit your application before the deadline.,high
succeed,成功;继承;接着发生;接替;继任;达到目的,cet4,If you work hard you will succeed.,high
sufficient,足够的;充分的;充足的;足够的;充分的;足量的,cet4,The evidence is not sufficient to prove his guilt.,high
suppose,假设;假定;认为;猜想;应该;期望;推测,cet4,I suppose you are right.,high
surface,表面;外观;地面;水面;浮出水面;在...上加表面;使...公开,cet4,The submarine surfaced near the island.,high
surround,围绕;包围;环绕;围住;圈住;环境;围绕物,cet4,The house is surrounded by a beautiful garden.,high
survive,幸存;存活;艰难度过;比...活得长;生存;活下来,cet4,Only a few passengers survived the crash.,high
suspect,怀疑;猜想;觉得;嫌疑犯;可疑的;不可信的;怀疑对象,cet4,The police suspect him of stealing the car.,high
talent,才华;天赋;才能;天才;人才;天资;有才能的人们,cet4,She has a natural talent for music.,high
target,目标;对象;靶子;指标;以...为目标;瞄准;面向,cet4,The company is targeting young professionals.,high
technique,技术;技巧;手法;技能;工艺;方法;表演技艺,cet4,The artist uses a unique technique.,high
technology,技术;科技;工艺;技术学;科技产品;技术应用,cet4,Information technology has changed the way we work.,high
temporary,暂时的;临时的;短期的;临时工;暂时的;过渡性的,cet4,The contract is only temporary.,high
tend,倾向;趋向;往往会;照料;护理;易于;走向,cet4,People tend to eat more when they are stressed.,high
threat,威胁;恐吓;构成威胁的人;凶兆;征兆;危险迹象,cet4,Climate change poses a serious threat to the planet.,high
tradition,传统;惯例;习俗;传承;因袭;文化传统;传说,cet4,It is a tradition to exchange gifts at Christmas.,high
transfer,转移;调动;换乘;转让;转学;转职;迁移;转会,cet4,She transferred to a new school.,high
transform,转变;改变;改造;变革;变换;使变形;使改观,cet4,The new paint transformed the room completely.,high
transport,运输;交通;运输工具;运送;运输系统;使心旷神怡;流放,cet4,The goods were transported by train.,high
trend,趋势;倾向;走向;时髦;时尚;潮流;动向;热门,cet4,There is a growing trend towards remote work.,high
trial,审判;试验;试用;考验;审讯;尝试;预赛;磨难,cet4,The new drug is undergoing clinical trials.,high
typical,典型的;有代表性的;平常的;特有的;象征性的;通常的;一贯的,cet4,This is a typical example of Baroque architecture.,high
ultimate,最终的;终极的;根本的;极限的;最大的;最后的;最终的结果;终极事物,cet4,The ultimate goal is world peace.,high
uniform,制服;一致的;统一的;均匀的;不变的;规格一致的;校服;军服,cet4,All employees wear a company uniform.,high
unique,独特的;唯一的;独一无二的;特有的;罕见的;珍奇的;无可比拟的,cet4,Each person has a unique fingerprint.,high
universal,普通的;全体的;全世界的;通用的;宇宙的;普遍的;万能的,cet4,The desire for peace is universal.,high
update,更新;升级;使现代化;最新消息;最新信息;修订版;更新版,cet4,Please update your software regularly.,high
urban,城市的;都市的;城镇的;市区内的;居住在城市中的;都市特有的,cet4,Urban areas are becoming increasingly crowded.,high
valid,有效的;合理的;有根据的;有法律效力的;正当的;正确的;可行的,cet4,Your ticket is valid for one year.,high
vast,广阔的;巨大的;大量的;广大的;辽阔的;庞大的;浩瀚的,cet4,The Sahara is a vast desert.,high
version,版本;说法;译本;型;改编形式;变体;看法;描述,cet4,The new version of the software has many improvements.,high
victim,受害者;牺牲品;罹难者;遇难者;受骗者;牺牲;遭难者,cet4,The victim of the accident was taken to the hospital.,high
visible,可见的;明显的;看得见的;能见的;显而易见的;有形的;现成的,cet4,The stars are visible on a clear night.,high
vision,视力;视觉;愿景;景象;幻象;远见;视野;洞察力;梦想,cet4,She has a clear vision of what she wants to achieve.,high
vital,至关重要的;生死攸关的;有生命力的;充满活力的;生命的;重要的;核心的,cet4,Regular exercise is vital for good health.,high
vocabulary,词汇;词汇量;词汇表;词汇总汇;用词范围;语汇,cet4,Reading widely helps expand your vocabulary.,high
widespread,广泛的;普遍的;分布广的;流传广的;散播的;蔓延的;常见于...,cet4,There is widespread concern about climate change.,high
wisdom,智慧;才智;明智;知识;学问;贤明;古训;格言,cet4,With age comes wisdom.,high
witness,目击者;证人;证据;目击;见证;亲眼目睹;作证;成为证据,cet4,The witness gave a detailed account of the accident.,high
abandon,放弃;遗弃,cet6,They had to abandon the plan.,high
abolish,废除;废止,cet6,The government abolished the old tax system.,high
absurd,荒谬的;可笑的,cet6,The idea seemed completely absurd.,medium
abundance,丰富;充裕,cet6,The region has an abundance of natural resources.,medium
abuse,滥用;虐待;辱骂,cet6,The organization was accused of human rights abuses.,high
academy,学院;研究院;学会,cet6,She studied at the Royal Academy of Music.,medium
accelerate,加速;促进,cet6,Economic growth accelerated in the second quarter.,high
accessory,配件;附属品;同谋,cet6,The car comes with a range of accessories.,low
acclaim,赞扬;欢呼;称赞,cet6,The movie received widespread acclaim.,medium
accommodate,容纳;向提供住处;适应,cet6,The hotel can accommodate up to 500 guests.,high
accompany,陪伴;伴随;伴奏,cet6,The singer was accompanied by a pianist.,high
accomplish,完成;实现;成就,cet6,She accomplished her goal of running a marathon.,high
accountability,问责;责任;负责,cet6,The new law introduces greater accountability.,medium
accumulate,积累;积聚;累积,cet6,Dust had accumulated on the bookshelf.,high
accusation,指责;控告;起诉,cet6,The accusation was later proven false.,medium
accustom,使习惯;使适应,cet6,It took time to accustom myself to the new environment.,low
acknowledge,承认;致谢;确认,cet6,The scientist acknowledged the contribution of her team.,high
acquaint,使认识;使了解;告知,cet6,Let me acquaint you with the new procedures.,low
acquisition,获得;购置;收购,cet6,The company announced the acquisition of a smaller rival.,high
acute,敏锐的;急性的;剧烈的,cet6,She has an acute sense of hearing.,medium
adaptable,可适应的;可调整的,cet6,The software is highly adaptable to different needs.,low
adept,熟练的;擅长的;内行的,cet6,She is adept at solving complex problems.,medium
adequate,足够的;适当的;充分的,cet6,The supply is not adequate for the demand.,high
adhere,粘附;遵守;坚持,cet6,All members must adhere to the rules.,medium
adjacent,邻近的;毗连的,cet6,The building is adjacent to the park.,medium
administer,管理;执行;实施,cet6,The charity administers aid to refugees.,medium
adolescent,青少年;青春期的,cet6,Adolescent behavior can be difficult for parents.,medium
adoption,采用;收养;选用,cet6,The adoption of new technology improved efficiency.,medium
adverse,不利的;有害的;逆向的,cet6,The drug may have adverse side effects.,medium
advocate,提倡;主张;倡导者,cet6,She advocates for the rights of disabled people.,high
aerial,空中的;航空的;天线,cet6,The aerial view of the city was breathtaking.,low
aesthetic,美学的;审美的;艺术的,cet6,The building has great aesthetic appeal.,medium
affection,感情;喜爱;慈爱,cet6,She felt great affection for her students.,medium
affiliate,使隶属;使紧密联系,cet6,The college is affiliated with the university.,medium
affirm,断言;肯定;证实,cet6,The court affirmed the previous ruling.,medium
afflict,折磨;使痛苦;困扰,cet6,The region is afflicted by drought.,medium
agenda,议程;议事日程,cet6,The first item on the agenda is the budget.,high
aggravate,使恶化;加剧;激怒,cet6,The problem was aggravated by the lack of funding.,medium
aggregate,合计;总计;集合;总数,cet6,The aggregate of all donations reached one million dollars.,medium
aggression,侵略;攻击;侵犯,cet6,The aggression of the invading army shocked the world.,medium
agitate,煽动;鼓动;使不安,cet6,The workers agitated for better conditions.,low
agony,极度痛苦;苦恼;挣扎,cet6,She was in agony after the accident.,medium
agreeable,令人愉快的;适合的;同意的,cet6,The weather was agreeable for a picnic.,low
ailment,小病;不适;疾病,cet6,The herbal remedy can treat various ailments.,low
allege,断言;声称;指称,cet6,The newspaper alleged that the politician took bribes.,medium
allegiance,忠诚;拥护;效忠,cet6,The soldiers swore allegiance to their country.,medium
allocate,分配;拨出;配置,cet6,The government allocated funds for education reform.,medium
allot,分配;拨给;分派,cet6,Each student was allotted a specific topic.,low
alloy,合金;摻雜;使成合金,cet6,Steel is an alloy of iron and carbon.,low
allure,诱惑;吸引;魅力,cet6,The allure of fame can be dangerous.,low
alteration,改动;更改;修改,cet6,We need to make some alterations to the design.,medium
alternate,交替的;轮流的;替代的,cet6,The two teams played on alternate days.,medium
amateur,业余爱好者;外行的;业余的,cet6,The competition is open to amateurs only.,medium
ambiguous,模棱两可的;含糊的;不明确的,cet6,The contract contains an ambiguous clause.,medium
ambitious,有雄心的;有抱负的;宏大的,cet6,She has ambitious plans for the future.,high
amend,修正;修订;改正,cet6,The constitution was amended in 1998.,medium
ample,充足的;充裕的;宽敞的,cet6,There is ample evidence to support the theory.,medium
amplify,放大;扩大;增强,cet6,The speakers amplify the sound.,medium
analogy,类比;比拟;类推,cet6,The teacher drew an analogy between the heart and a pump.,medium
analysis,分析;解析;分解,cet6,The data analysis revealed interesting patterns.,high
anchor,锚;主持人;依靠;抛锚,cet6,The news anchor reported the story live.,medium
anguish,极度痛苦;苦恼;悲痛,cet6,The family was in anguish over the loss.,low
animate,使生动;使有生命;有活力的,cet6,Her presence animated the whole party.,low
annex,附加;添加;吞并;附件,cet6,The country annexed the neighboring territory.,low
annihilate,消灭;歼灭;彻底摧毁,cet6,The disease nearly annihilated the population.,low
anniversary,周年纪念日;周年,cet6,They celebrated their wedding anniversary.,medium
annotate,注释;评注;注解,cet6,The professor annotated the students essays.,low
announcement,宣布;公告;声明,cet6,The announcement was made at a press conference.,high
annual,每年的;一年一度的;年度的,cet6,The annual report is published in March.,high
anomaly,异常;反常;不规则,cet6,The weather anomaly caused unusual temperatures.,low
anonymous,匿名的;无名的;不具名的,cet6,The donor wished to remain anonymous.,medium
anticipate,预期;期望;预料,cet6,We anticipate that sales will increase next quarter.,high
antique,古董;古物;古老的;古时的,cet6,The museum has an impressive antique collection.,medium
anxiety_n,焦虑;担心;忧虑;渴望,cet6,The test results caused her great anxiety.,high
apartheid,种族隔离;隔离政策,cet6,The country ended the system of apartheid.,low
apologize,道歉;认错;赔礼,cet6,I apologize for any inconvenience caused.,high
apparatus,仪器;设备;装置;器官;机构,cet6,The laboratory is equipped with advanced apparatus.,medium
apparent,明显的;表面上的;显而易见的,cet6,It became apparent that he was lying.,high
appeal_n,呼吁;恳求;上诉;吸引力;感兴趣,cet6,The charity made an appeal for donations.,high
appetite,食欲;胃口;欲望;爱好,cet6,Regular exercise can increase your appetite.,medium
applaud,鼓掌;喝彩;称赞;赞许,cet6,The audience applauded the performers.,medium
appliance,器具;设备;家用电器,cet6,The store sells kitchen appliances.,medium
applicable,适用的;适当的;合适的,cet6,The rules are applicable to all employees.,medium
appoint,任命;委派;指定;约定,cet6,The committee appointed a new secretary.,medium
appraisal,评价;评估;鉴定;估价,cet6,The employee had her annual performance appraisal.,medium
appreciable,明显的;显著的;可察觉的,cet6,There has been an appreciable improvement.,low
apprehend,逮捕;理解;忧虑;恐惧,cet6,The police apprehended the suspect.,low
apprentice,学徒;徒弟;初学者;见习生,cet6,He worked as an apprentice electrician.,low
approach_n,方法;途径;接近;接洽;处理方式,cet6,We need a new approach to solve this problem.,high
appropriate,适当的;恰当的;合适的;拨出,cet6,Please wear appropriate clothing for the occasion.,high
approval,赞成;批准;认可;同意,cet6,The plan received official approval.,high
approximate,大约的;接近的;近似的;接近,cet6,The approximate cost is around five hundred dollars.,medium
apt,易于的;恰当的;聪明的;敏捷的,cet6,She is apt to forget appointments.,medium
aquatic,水生的;水中的;水上的,cet6,Aquatic plants grow in ponds and lakes.,low
arbitrary,任意的;武断的;专制的,cet6,The decision seemed arbitrary and unfair.,medium
arc,弧;弧形;电弧;弓形;拱形,cet6,The rainbow formed a perfect arc across the sky.,low
arch,拱;拱门;弓形;拱形结构;使成拱形,cet6,The cathedral has beautiful stone arches.,medium
archaeology,考古学;古迹;古物研究,cet6,The professor specializes in Roman archaeology.,medium
architect,建筑师;设计师;缔造者,cet6,The architect designed the new museum.,medium
archive,档案;档案馆;存档;归档,cet6,The national archive preserves historical documents.,medium
ardent,热情的;热烈的;热心的;强烈的,cet6,She is an ardent supporter of the cause.,low
arena,竞技场;舞台;活动场所;领域,cet6,The political arena can be a tough environment.,medium
arguable,可争辩的;有疑问的;可论证的,cet6,It is arguable whether the policy is effective.,low
aristocrat,贵族;贵族成员;有贵族气派的人,cet6,The aristocrat lived in a grand castle.,low
armor,装甲;盔甲;保护物;装甲部队,cet6,The knight wore shining armor into battle.,low
aromatic,芳香的;有香味的;香气浓郁的,cet6,The aromatic herbs filled the kitchen with scent.,low
arraign,提讯;控告;指责;责难,cet6,The suspect was arraigned in court.,low
array,数组;陈列;排列;一大批;队列,cet6,The museum has an impressive array of artifacts.,medium
arrogant,傲慢的;自大的;目中无人的,cet6,His arrogant attitude annoyed everyone.,medium
arson,纵火;放火;纵火罪,cet6,The building was destroyed by arson.,low
articulate,清晰表达的;善于表达的;有口才的;明确表达,cet6,She is an articulate speaker.,medium
artifact,人工制品;手工艺品;文物,cet6,The museum displays ancient artifacts.,medium
ascend,上升;攀登;登高;升高;追溯,cet6,The path ascends steeply through the forest.,medium
ascertain,查明;弄清;确定;探知,cet6,The police ascertained the cause of the accident.,medium
ascribe,归因于;认为是...的原因;把...归于,cet6,The success was ascribed to teamwork.,low
aspect_n,方面;层面;面貌;方位;外观,cet6,We considered every aspect of the problem.,high
aspiration,渴望;抱负;志向;吸气;向往,cet6,Her aspiration is to become a professor.,medium
aspire,渴望;立志;追求;有志于,cet6,Young artists aspire to greatness.,medium
assassinate,暗杀;行刺;刺殺;中伤,cet6,The leader was assassinated in broad daylight.,low
assault,攻击;袭击;突击;侵犯;强击,cet6,The soldiers launched an assault on the enemy.,medium
assemble,集合;聚集;装配;组装,cet6,The students assembled in the auditorium.,high
assert,断言;主张;坚持;声称;维护,cet6,He asserted that the report was inaccurate.,medium
assess_n,评估;评定;估价;判断,cet6,The teacher will assess your progress.,high
asset,资产;财产;优点;有利条件;有价值的人或物,cet6,The company assets are valued at over a million dollars.,high
assign_n,分配;指派;指定;布置;委派,cet6,Each student was assigned a different topic.,high
assimilate,吸收;同化;消化;融入;使适应,cet6,The body assimilates nutrients from food.,medium
assist_n,帮助;协助;援助;辅助;出席,cet6,The software assists users in creating presentations.,high
associate_v,联系;联想;交往;关联;联合,cet6,People often associate sunshine with happiness.,high
assumption,假设;假定;担任;承担;自负,cet6,Our assumption proved to be correct.,high
assurance,保证;担保;自信;确信;保险,cet6,He gave me his assurance that the work would be done.,medium
astound,使震惊;使大吃一惊;使惊骇,cet6,The magician astounded the audience with his tricks.,low
astronaut,宇航员;太空人;航天员,cet6,The astronaut trained for months before the mission.,medium
astronomy,天文学;天文;天文研究,cet6,She has a keen interest in astronomy.,medium
asylum,庇护;避难;收容所;政治庇护,cet6,The refugee sought political asylum.,medium
atlas,地图册;地图集;图表集,cet6,The atlas contains detailed maps of every continent.,low
atmosphere_n,大气层;气氛;氛围;环境;大气,cet6,The restaurant has a very romantic atmosphere.,high
atrocity,暴行;残暴;凶恶;残忍的行为,cet6,The war crimes were unspeakable atrocities.,low
attach_n,贴上;附上;连接;使依恋;系;缚;归属,cet6,Please attach your resume to the application.,high
attain,达到;获得;实现;达成;取得,cet6,She attained her goal of becoming a doctor.,high
attempt_n,尝试;企图;试图;努力;攻击,cet6,She made an attempt to solve the puzzle.,high
attendance,出席;参加;出勤;出席人数;侍候,cet6,Attendance at the lecture was high.,medium
attendant,服务员;侍者;随从;伴随的;出席的,cet6,The flight attendant demonstrated safety procedures.,medium
attorney,律师;代理人;辩护律师;检察官,cet6,The attorney presented the case to the jury.,medium
attraction,吸引;吸引力;魅力;景点;引力,cet6,The main attraction of the city is its architecture.,high
attribute_n,属性;特质;特征;品质;归因于;认为是,cet6,She attributes her success to hard work.,high
audible,听得见的;可听见的;可听到的,cet6,His voice was barely audible over the noise.,low
auditorium,礼堂;会堂;音乐厅;观众席,cet6,The graduation ceremony was held in the auditorium.,low
augment,增加;增大;加强;补充,cet6,The income was augmented by freelance work.,medium
auspicious,吉利的;吉祥的;有前途的;繁荣昌盛的,cet6,The launch was an auspicious beginning.,low
authentic,真正的;真实的;可信的;正宗的;地道的,cet6,The restaurant serves authentic Italian cuisine.,medium
authoritative,权威的;官方的;有权力的;命令式的,cet6,The report came from an authoritative source.,medium
authorize,授权;批准;允许;委托;认可,cet6,The manager authorized the payment.,medium
automate,使自动化;自动化;自动操作,cet6,The factory automated its production line.,medium
autonomous,自治的;自主的;独立的;有自主权的,cet6,The region became an autonomous state.,medium
avail,效用;利益;有益于;有助于;利用,cet6,His efforts were of no avail.,medium
availability,可用性;有效性;实用性;可得性,cet6,The availability of fresh water is a concern.,medium
avalanche,雪崩;山崩;大量涌来;纷至沓来,cet6,The resort was hit by an avalanche.,low
averse,反对的;嫌恶的;不愿意的;讨厌的,cet6,She is averse to taking risks.,low
avert,避免;防止;转移;避开;挡开,cet6,The quick reaction averted a disaster.,medium
aviation,航空;飞行术;飞机制造业;航空工业,cet6,He had a career in aviation.,medium
avid,渴望的;热心的;贪婪的;热衷的,cet6,She is an avid reader of mystery novels.,low
await,等待;等候;期待;将降临到,cet6,They are awaiting the results of the test.,high
awaken,唤醒;醒来;觉醒;唤起;使意识到,cet6,The incident awakened him to the danger.,medium
award_n,奖;奖品;奖金;判定;裁定;授予;判给,cet6,She received an award for her research.,high
awesome,令人敬畏的;极好的;了不起的;使人惊叹的,cet6,The view from the summit was awesome.,medium
axis,轴;轴线;轴心;中心线;坐标轴,cet6,The Earth rotates on its axis.,low
bachelor,学士;单身汉;单身男子;学士学位,cet6,She earned a bachelor degree in economics.,medium
backbone,脊柱;脊骨;骨干;支柱;根基;中坚力量,cet6,Small businesses are the backbone of the economy.,medium
backdrop,背景;背景幕;周围的情景;衬托,cet6,The mountains provided a stunning backdrop.,low
backward,向后的;落后的;倒退的;迟钝的;退步的,cet6,The country is technologically backward.,medium
bacteria,细菌;病菌;微生物,cet6,The bacteria can cause food poisoning.,medium
badge,徽章;证章;标记;标志;象征,cet6,The police officer wore his badge with pride.,medium
baffle,使困惑;难住;阻碍;使受挫;挡板,cet6,The puzzle completely baffled me.,medium
bakery,面包房;面包店;烘焙坊;糕点店,cet6,The bakery on the corner sells fresh bread.,low
balcony,阳台;包厢;露台;楼座;楼厅,cet6,The hotel room has a balcony with a sea view.,medium
bald,秃头的;光秃的;不加修饰的;明显的;赤裸裸的,cet6,He started going bald in his thirties.,medium
ballad,民谣;歌谣;叙事歌;流行情歌,cet6,The singer performed a beautiful ballad.,low
ballet,芭蕾舞;芭蕾舞剧;芭蕾舞团;芭蕾艺术,cet6,She has been studying ballet since childhood.,medium
balloon,气球;热气球;充气;膨胀;激增,cet6,The hot air balloon floated across the sky.,medium
ballot,选票;投票;投票总数;投票权;投票表决,cet6,The ballot was conducted fairly.,medium
ban,禁止;禁令;取缔;谴责;诅咒,cet6,The government imposed a ban on smoking in public.,high
bandage,绷带;包扎;用绷带包扎;裹伤,cet6,The nurse applied a bandage to the wound.,medium
bandit,土匪;强盗;歹徒;盗贼;恶棍,cet6,The bandits robbed the stagecoach.,low
bankrupt,破产的;倒闭的;无力偿还的;彻底缺乏的,cet6,The company went bankrupt after the recession.,medium
bankruptcy,破产;倒闭;破产事件;无偿付能力,cet6,The company filed for bankruptcy last year.,medium
banner,横幅;旗帜;标语;头号;头版的;杰出的,cet6,The protesters carried banners demanding justice.,medium
banquet,宴会;盛宴;筵席;款待;宴请,cet6,A grand banquet was held in honor of the visitors.,medium
bar_lawyer,律师;律师界;法律界;律师职业;律师行业,cet6,She passed the bar exam and became a lawyer.,medium
barbecue,烧烤;户外烤肉;烧烤野餐;烤架,cet6,We had a barbecue in the backyard.,low
barely,几乎不;勉强;仅仅;刚刚;几乎没有;稀少地,cet6,I could barely hear what she was saying.,high
bargain,讨价还价;便宜货;廉价品;交易;协议;谈判,cet6,The antique was a real bargain.,medium
bark,树皮;吠声;狗叫;擦破皮肤;厉声说;剥树皮,cet6,The dog barked loudly at the stranger.,medium
barn,谷仓;粮仓;牲口棚;仓库;车库,cet6,The barn was filled with hay.,medium
barometer,气压计;晴雨表;指标;标志;显示变化的事物,cet6,The stock market is a barometer of economic health.,low
barrack,兵营;营房;板房;简陋的临时房屋;向...喝倒彩;起哄,cet6,The soldiers returned to the barracks.,low
barrel,桶;枪管;炮管;圆桶;一桶的量;高速行驶,cet6,The barrel of oil cost one hundred dollars.,medium
barren,贫瘠的;荒芜的;不毛的;不育的;不结果实的;空洞的,cet6,The barren landscape stretched for miles.,medium
barricade,街垒;路障;障碍;阻挡;设路障于;阻塞,cet6,The protesters erected a barricade across the road.,medium
basin,盆;水盆;水池;盆地;流域;水槽;海盆,cet6,The Amazon basin is home to diverse wildlife.,medium
basis,基础;根据;基准;原则;方式;主要成分,cet6,The research provides a basis for further study.,high
batch,一批;一炉;一次批量;一批产量;成批;分批处理,cet6,The bakery produces a fresh batch of bread daily.,medium
battery,电池;蓄电池;排炮;殴打;一组;一套;一系列,cet6,The car battery needs to be replaced.,high
battle_n,战斗;战役;斗争;竞争;奋斗;争论;搏斗,cet6,The battle lasted for three days.,high
bay,海湾;港湾;月桂树;隔间;分隔区;停车位;咆哮;围困,cet6,The ship anchored in the bay.,medium
beacon,灯塔;烽火;信号灯;信标;指路明灯;引导的人或物,cet6,The lighthouse is a beacon for ships.,low
bead,珠子;水珠;念珠;小球;串珠;小滴;串成珠链,cet6,The necklace is made of glass beads.,low
beak,鸟喙;喙;嘴;鹰钩鼻;钳口;壶嘴,cet6,The eagle has a sharp hooked beak.,low
beam,梁;横梁;光束;射束;平衡木;微笑;面露喜色;发射;播送,cet6,The beam of light illuminated the room.,medium
bean,豆;豆子;豆荚;豆形种子;咖啡豆;可可豆;菜豆,cet6,Coffee is made from roasted coffee beans.,medium
beard,胡须;胡子;山羊胡;络腮胡;芒;钩刺;公开反对,cet6,He grew a beard during the winter.,medium
bearing,举止;风度;轴承;关系;影响;方位;方向;忍受;生育,cet6,Her bearing showed confidence and poise.,medium
beast,野兽;牲畜;动物;凶残的人;令人讨厌的人或物;本性,cet6,The lion is called the king of beasts.,medium
beforehand,事先;预先;提前;预先地;事前;在先,cet6,Please let me know beforehand if you plan to attend.,medium
beggar,乞丐;穷人;家伙;使贫穷;使成为乞丐,cet6,The beggar asked for spare change.,low
behalf_n,代表;利益;方面;支持;为了;替,cet6,On behalf of everyone here I thank you.,medium
behave,行为;表现;举动;运转;循规蹈矩;守规矩;表现得体,cet6,Children should learn to behave properly.,high
behavior,行为;举止;态度;性能;习性;反应;作用,cet6,Her behavior at the meeting was inappropriate.,high
being_n,存在;生物;人;生命;本质;本性;生存;实体;身心,cet6,The organization came into being in 1990.,high
beloved,心爱的;挚爱的;深爱的;亲爱的;爱人;心爱的人,cet6,She was a beloved teacher to many students.,medium
beneath,在...之下;在...下方;低于;不如;在...掩盖下;配不上,cet6,The treasure was buried beneath the old oak tree.,medium
beneficial,有益的;有利的;有帮助的;有好处的;受益的,cet6,Regular exercise is beneficial to your health.,high
benevolent,仁慈的;慈善的;乐善好施的;好心肠的;宽厚的;和蔼的,cet6,The benevolent donor contributed to many charities.,medium
benign,良性的;温和的;慈祥的;和善的;有利的;吉利的;无害的,cet6,The tumor was benign and did not require surgery.,medium
besiege,围困;围攻;包围;困扰;纠缠;围住;簇拥,cet6,The city was besieged by enemy forces.,low
bestow,授予;赠予;给予;赐予;赋予;放置;安置,cet6,The honor was bestowed upon the brave soldier.,low
betray,背叛;出卖;泄露;辜负;暴露;显示;背弃;失信于,cet6,He felt betrayed when his friend lied to him.,medium
betrayal,背叛;出卖;辜负;泄密;背信弃义;背弃;暴露,cet6,The betrayal by his friend was a devastating blow.,medium
beverage,饮料;饮品;酒水;水浆;汽水;饮料类,cet6,The airline offers complimentary beverages.,medium
bewilder,使迷惑;使糊涂;使不知所措;使困惑;难住,cet6,The complex instructions bewildered the new employee.,medium
bias_n,偏见;偏差;偏袒;偏心;倾向;偏爱;斜纹;使有偏见;影响,cet6,The report showed a bias against certain groups.,high
bibliography,书目;参考书目;文献目录;参考文献;书目提要;目录学,cet6,The thesis includes a comprehensive bibliography.,low
bidirectional,双向的;双向性的;两个方向的;双向传输的,cet6,The street has bidirectional traffic.,low
bilateral,双边的;双方的;两侧的;双方面的;双向的;两岸的,cet6,The two countries signed a bilateral trade agreement.,medium
bilingual,双语的;能说两种语言的;用两种语言写成的;使用两种语言的,cet6,The school offers bilingual education.,medium
billboard,广告牌;告示牌;布告板;宣传牌;路牌;大幅广告牌,cet6,The billboard displayed a new advertisement.,low
bin,箱子;容器;垃圾箱;仓;储藏箱;储物箱;贮藏箱;箱式,cet6,Please put the recycling in the blue bin.,low
biography,传记;传记文学;生平;传记作品;人物传记;传略,cet6,She is reading a biography of Einstein.,medium
biological,生物的;生物学的;生物体的;与生命过程有关的;有血亲关系的;亲生的,cet6,The study examines the biological effects of pollution.,high
biomedical,生物医学的;生物医药的;生物医学,cet6,The research center focuses on biomedical engineering.,low
bizarre,奇异的;怪诞的;古怪的;异乎寻常的;离奇的;荒诞不经的,cet6,The bizarre behavior puzzled everyone.,medium
blackmail,敲诈;勒索;讹诈;胁迫;恐吓;要挟;敲诈勒索;胁迫行为,cet6,The politician was accused of blackmail.,low
bladder,膀胱;囊;气泡;气囊;囊状物;泡;囊袋,cet6,The bladder stores urine until it is excreted.,low
blade,刀刃;刀片;叶片;桨叶;剑;刀身;刀锋;草叶;肩胛骨,cet6,The blade of the knife was very sharp.,medium
blanket,毯子;毛毯;覆盖层;覆盖着的;全面的;包括一切的;覆盖;掩蓋,cet6,She wrapped herself in a warm blanket.,high
blaze,火焰;烈火;光辉;闪耀;爆发;迸发;燃烧;发光;怒吼,cet6,The fire blazed for hours before it was controlled.,medium
bleach,漂白;漂白剂;使变白;褪色;变白;消毒;美白;漂白处理,cet6,The sun bleached the fabric over time.,low
blemish,瑕疵;污点;缺点;缺陷;疤痕;损害;玷污;破坏...的完美,cet6,The diamond had a small blemish.,low
bless,祝福;保佑;赞美;赐福;保佑;降福;使神圣;使幸福,cet6,May God bless you and keep you safe.,medium
blessing,祝福;保佑;幸事;福气;恩赐;批准;赞同;支持;幸事,cet6,It was a blessing that nobody was hurt.,medium
blight,枯萎病;虫害;毁坏;破坏;摧残;使枯萎;打击;破坏因素,cet6,The disease blighted the crops.,low
bliss,极乐;至福;天赐之福;极大的幸福;极乐世界;狂喜;福佑,cet6,The couple was in a state of bliss.,low
blister,水泡;泡;起泡;气泡;脓疱;砂眼;使起泡;起泡;气泡状,cet6,New shoes often cause blisters on your feet.,low
blockade,封锁;堵塞;堵塞;限制;障碍;阻塞;封鎖;封锁行动,cet6,The naval blockade prevented supplies from reaching the port.,medium
blond,金发的;淡黄色的;白肤金发碧眼的;浅色的;金发,cet6,She has long blond hair.,low
bloom,开花;花期;青春焕发;繁盛;最佳时期;开花期;盛开;光彩;繁盛,cet6,The roses are in full bloom.,medium
blossom,花;开花;开花期;繁荣;成长;发展;茂盛;开花;繁花,cet6,The cherry blossoms are beautiful in spring.,medium
blueprint,蓝图;设计图;行动方案;规划;计划;设计;草案;计划书,cet6,The architect showed us the blueprint of the building.,medium
blunder,错误;失误;疏忽;失误;犯大错;做错;踉跄;慌乱地走,cet6,The company made a serious blunder.,medium
blunt,钝的;不锋利的;直率的;生硬的;迟钝的;使变钝;使迟钝;使减弱,cet6,His blunt remarks offended some people.,medium
blur,模糊;模糊不清的事物;污点;使模糊;使看不清;使变模糊;弄脏;玷污,cet6,The tears blurred her vision.,medium
blush,脸红;羞愧;泛红;呈现红色;羞愧;变红;红色;红光;一瞥;一瞬间,cet6,She blushed when he complimented her.,low
board_n,木板;板;委员会;董事会;理事会;董事会;饮食;板子;上;登;搭乘;住宿,cet6,The board of directors approved the merger.,high
boast,自夸;自吹自擂;夸耀;以...为自豪;拥有值得骄傲的事物,to,以有...而自豪,cet6,The hotel boasts a stunning view of the ocean.,medium
bold,bold;粗体的;轮廓清晰的;勇敢的;大胆的;冒失的;鲁莽的,cet6,She made a bold decision to quit her job.,high
bolster,支撑;加固;加强;改善;支持;垫子;靠垫;长枕;枕垫,cet6,The new evidence bolstered the case.,medium
bombard,轰炸;炮击;不断攻击;大量质问;向...连续提问题;使应接不暇,cet6,The witness was bombarded with questions.,low
bonanza,富矿带;财源;带来好运的事;发财的机会;幸运;繁荣;富饶,cet6,The oil discovery was a bonanza for the country.,low
bond,纽带;联系;债券;结合;连接;公债;契约;键;联接;黏合,cet6,The bond between mother and child is strong.,high
bonus,奖金;红利;额外津贴;额外的好处;意外收获;附送品,cet6,All employees received a Christmas bonus.,high
booklet,小册子;小本子;手册;宣传册;说明册;小书,cet6,The booklet contains information about the tour.,low
boom,繁荣;激增;暴涨;隆隆声;低沉的声音;支架;吊杆;迅速发展;轰鸣,cet6,The technology boom created many new jobs.,high
boost_n,提高;增强;推动;促进;增加;鼓励;提升;加速;上扬,cet6,The tax cut gave a boost to the economy.,high
boot,靴子;靴;行李箱;引导;启动;解雇;踢;赶走;猛踩,cet6,He laced up his boots and went for a hike.,medium
booth,小隔间;售货亭;电话亭;投票站;展位;摊位;棚子;岗亭,cet6,Please step into the photo booth.,medium
border_n,边界;边境;边缘;国界;边;边沿;接近;毗邻;与...接壤,cet6,The two countries share a long border.,high
bore,使厌烦;钻孔;钻探;令人厌烦的人;口径;浪潮;麻烦事;钻孔,cet6,The long lecture bored the students.,medium
borough,自治市镇;行政区;区;市;镇;有议员选举权的城市,cet6,The borough council meets every month.,low
bosom,胸;胸部;胸怀;内心;怀抱;内部的;亲密的;知心的;贴心,cet6,She clutched the letter to her bosom.,low
bother,打扰;麻烦;烦扰;操心;使烦恼;费心;令人烦恼的事物;麻烦,cet6,Do not bother me while I am working.,high
bottom,n底部;底端;最下部;基础;尽头;臀部;海底;根源;基础的;最后的,cet6,The ship sank to the bottom of the ocean.,high
bounce,弹跳;反弹;跳动;使弹起;蹦跳;跳动;反弹;活力;弹力;解雇,cet6,The ball bounced high in the air.,medium
boundary_n,边界;界限;界线;范围;分界线;极限;约束;限制,cet6,The river forms the boundary between the countries.,high
bounty,慷慨;奖励金;奖金;赏金;津贴;赠物;丰富;物产;丰收;奖励,cet6,The bounty for information leading to an arrest was increased.,low
bouquet,花束;芳香;酒香;一束花;香气;称赞;恭维;赞扬,cet6,The bride carried a beautiful bouquet of roses.,low
bourgeois,资产阶级的;中产阶级的;追求物质的;平庸的;资本主义的,cet6,The bourgeois lifestyle values material comfort.,low
bout,一阵;一场;发作;较量;比赛;回合;一段时间的紧张活动;一阵,cet6,She suffered a bout of the flu.,low
boycott_n,抵制;联合抵制;拒绝购买;抵制行为;拒绝参加,cet6,The organization called for a boycott.,medium
brace,支架;支柱;支撑;使稳固;振作;准备;绷紧;托架;一对;一双;大括号,cet6,He braced himself for the impact.,medium
bracket,支架;托架;等级;档次;括号;阶层;类别;把...归入同类,cet6,The house is in the highest tax bracket.,medium
brass,黄铜;铜管乐器;铜制品;黄铜色;厚脸皮;高级军官;钱;铜管乐队,cet6,The door handle is made of polished brass.,medium
bravery,勇敢;勇气;英勇;无畏;大胆;刚毅;英勇行为;勇敢精神,cet6,The soldier was decorated for his bravery.,medium
breach,违反;违背;破坏;破裂;裂口;缺口;突破口;突破;攻破;破坏关系,cet6,The company was sued for breach of contract.,medium
breadth,宽度;广度;幅度;广泛性;宽泛;广阔;浓烈;大量;雄厚;幅度,cet6,The breadth of her knowledge is impressive.,medium
breakdown,故障;崩溃;破裂;失败;分解;分类;细目;精神崩溃;体力不支,cet6,The car had a breakdown on the highway.,medium
breakthrough,突破;重大发现;突破性进展;关键问题的解决;突围;冲破防线,cet6,The discovery was a major breakthrough in medicine.,medium
brew,酿造;冲泡;酝酿;沏茶;泡咖啡;谋划;即将发生;酿造;泡制;泡好的饮料,cet6,The storm clouds are brewing on the horizon.,medium
bribe,贿赂;收买;行贿;诱饵;贿赂物;用贿赂进行引诱;收买;腐蚀,cet6,The official was accused of taking bribes.,medium
brick,砖;砖块;积木;砖形物;成砖状;极好的;善意的;非常好;帮了大忙的人,cet6,The house is made of red brick.,high
bride,新娘;新婚妇女;即将出嫁的女子;新媳妇;新娘;嫁娘,cet6,The bride looked beautiful in her white dress.,medium
bridle,缰绳;马勒;马笼头;约束;抑制;控制;动怒;生气;昂首;表示傲慢,cet6,She put the bridle on the horse before riding.,low
brink,边缘;边沿;陡峭边缘;濒临;即将;危急关头;开始;初始阶段,cet6,The country is on the brink of war.,medium
brisk,轻快的;活泼的;敏捷的;清新的;凉爽的;兴隆的;活跃的;红火的,cet6,The brisk morning air woke her up.,medium
bristle,刚毛;短而硬的毛发;胡楂儿;发怒;被激怒;毛骨悚然;充满;布满,cet6,The cat bristled with fear at the dog.,low
brochure,小册子;宣传册;手册;指南;说明书;简介材料;商品宣传册,cet6,The travel brochure shows pictures of the resort.,medium
bronze,青铜;青铜色;铜牌;青铜制品;古铜色的;晒黑的;使成青铜色;镀青铜于,cet6,The statue is made of bronze.,medium
brood,一窝幼鸟;一伙;一组;沉思;忧虑;孵蛋;孵雏;闷想;郁闷地沉思,cet6,The hen is brooding her eggs.,low
brook,小溪;溪流;小河;容忍;允许;忍受;经受;承受;容忍,cet6,A small brook runs through the meadow.,low
brow,眉毛;额头;眉头;眉脊;悬崖边缘;山顶;表情;面容;神色,cet6,She wiped the sweat from her brow.,medium
browse,浏览;翻阅;随意翻阅;吃草;放牧;逛商店;浏览信息;观看;随便看看,cet6,I like to browse through bookstores on weekends.,high
bruise,瘀伤;挫伤;伤痕;擦伤;青肿;碰伤;使受伤;打击;挫伤;摧残,cet6,She had a bruise on her arm from the fall.,medium
brutal,野蛮的;残忍的;冷酷的;无情的;严酷的;令人不快的;直率的,cet6,The brutal winter caused many power outages.,medium
bubble,气泡;泡沫;泡;气泡声;幻想;幻灭;沸腾;冒泡;起泡;发出噗噗声,cet6,The stock market bubble finally burst.,medium
buckle,扣子;搭扣;皮带扣;锁扣;扣住;扣紧;弯曲;变形;屈服;崩溃;倒塌,cet6,The belt buckle was made of silver.,medium
bud,芽;花蕾;萌芽;未成熟的人或物;萌芽期;开始发育;发芽;含苞;开始成长,cet6,The trees are beginning to bud in early spring.,medium
Buddhist,佛教徒;佛教的;佛祖的;佛教的;佛法的;信佛的人,cet6,The Buddhist temple attracts many visitors.,low
buffer,缓冲器;缓冲剂;缓冲作用;缓冲区;缓存;缓冲液;減震器;作为缓冲;保护;使缓和,cet6,The system has a buffer that prevents data loss.,medium
buffet,自助餐;自助餐厅;快餐部;餐车;打击;冲击;蹂躏;与...搏斗;打击;伤害,cet6,The hotel serves a lavish breakfast buffet.,medium
bug,小虫;臭虫;病菌;故障;窃听器;漏洞;缺陷;着迷;痴狂;令人烦恼的事物;激怒;使烦恼;窃听;使...烦恼;装窃听器,cet6,There is a bug in the software code.,high
bulk,体积;容量;大块;大量;大部分;主体;散装;大批;庞大的;成批的;散装的;变得重要;积累,cet6,The bulk of the work is already done.,high
bull,公牛;雄性大型动物;牛市;买空者;买空;看涨的;上涨的;强壮的;雄性的;粗壮的;像公牛一样的;强行;猛推;强迫;粗暴地推动,cet6,The investors were optimistic about the bull market.,medium
bulldozer,推土机;铲土机;压路机;推土车;强力压服者;压迫者;粗鲁而有威胁的人,cet6,The bulldozer cleared the land for construction.,low
bulletin,公告;公报;简报;新闻简报;快报;病情报告;公告牌,cet6,The hospital issues daily bulletins on the patient.,medium
bully,恃强凌弱者;恶霸;霸凌者;暴徒;仗势欺人者;欺侮;欺负;威吓;胁迫;威逼;恐吓,cet6,The older boy bullied the younger children.,medium
bump,碰撞;撞击;肿块;隆起;颠簸;偶然遇见;相遇;提高;增加;推升;碰到;撞到;颠簸而行;把...挤出;解雇;炒鱿鱼,cet6,I bumped my head on the low doorway.,medium
bunch,一串;一群;一束;一帮;一批;大量;大量;很多;捆绑;聚集;使成束;集中;打褶;隆起;使成皱褶,cet6,She received a bunch of flowers for her birthday.,high
bungalow,平房;小屋;单层住宅;有凉台的平房;小别墅,cet6,They live in a small bungalow by the sea.,low
bureau,局;处;署;办事处;办公室;衣柜;五斗柜;梳妆台;办公桌;写字桌,cet6,The Federal Bureau of Investigation is known as the FBI.,medium
bureaucracy_n,官僚主义;官僚政治;官僚体制;官僚机构;官僚作风;行政系统,cet6,The bureaucracy makes it difficult to get things done.,medium
burglar,窃贼;入室盗贼;夜盗;破门盗窃者;偷窃贼;强盗,cet6,The burglar broke into the house through the window.,medium
burial,埋葬;葬礼;安葬;掩埋;下葬;丧葬;土葬;埋藏;墓穴,cet6,The burial took place at the local cemetery.,medium
burrow,洞穴;地洞;地道;掘洞;挖掘;钻进;躲藏;依赖;依靠;深入;潜心于;使躲入洞穴;使隐蔽;深藏;使钻进,cet6,The rabbit burrowed into the ground.,low
bust,半身像;胸部;胸围;萧条;失败;破产;爆裂;打破;逮捕;突击搜查;使破產;使失败;打击;捣毁;打破;突击搜查;枯竭;没落;减低;降低;抓捕;破碎,烤,cet6,The company went bust during the recession.,medium
bustle,喧闹;忙碌;熙攘;活跃;奔走;忙乱;热闹;喧扰;使忙碌;催促;赶紧;匆忙;匆忙;赶紧;充满;热闹;活跃;奔忙;繁忙;熙熙攘攘;匆忙;急忙;催促,cet6,The morning bustle of the city energized her.,low
butt,粗端;柄;烟蒂;烟头;枪托;屁股;笑柄;嘲笑对象;大桶;大水桶;顶撞;用头顶;用角顶;紧靠;邻接;冲撞;突出;伸出;碰撞;用头撞;使碰撞;碰撞;冲撞;抵撞;挤;插嘴;干涉;粗的一端;烟蒂;屁股;茅舍;目标;目的;靶子;待靶场;射;目标;目的;靶;靶场;目标;靶子;射击;目标;靶场;靶垛,枪靶,cet6,He put out his cigarette in the ashtray.,low
